Intrusions_Tabberabberan,MetamorphicFacies_Benambran,MetamorphicFacies_Esk,MetamorphicFacies_HunterBowen,MetamorphicFacies_Tabberabberan
Mullengandra Monzodiorite,Greenschist facies,Null,Null,Greenschist facies
Null,Greenschist facies,Null,Null,Greenschist facies
Null,Greenschist facies,Null,Null,Amphibolite facies
Thologolong Granite,Greenschist facies,Null,Null,Greenschist facies
Thologolong Granite,Greenschist facies,Null,Null,Greenschist facies
Koetong Granite,Greenschist facies,Null,Null,Greenschist facies
Null,Greenschist facies,Null,Null,Greenschist facies
Corryong Granite,Greenschist facies,Null,Null,Greenschist facies
Null,Greenschist facies,Null,Null,Amphibolite facies
Null,Greenschist facies,Null,Null,Greenschist facies
Green Hills Granodiorite,Greenschist facies,Null,Null,Greenschist facies
Green Hills Granodiorite,Greenschist facies,Null,Null,Greenschist facies
Free Damper Monzogranite,Greenschist facies,Null,Null,Greenschist facies
Null,Greenschist facies,Null,Null,Greenschist facies
Null,Amphibolite facies,Null,Null,Greenschist facies
Gang Gang Monzogranite,Subgreenschist facies,Null,Null,Subgreenschist facies
Null,Subgreenschist facies,Null,Null,Subgreenschist facies
Unassigned Silurian intrusions - porphyry,Subgreenschist facies,Null,Null,Subgreenschist facies
Yaouk Leucogranite,Subgreenschist facies,Null,Null,Subgreenschist facies
Null,Subgreenschist facies,Null,Null,Subgreenschist facies
Clear Range Granodiorite,Subgreenschist facies,Null,Null,Subgreenschist facies
Null,Subgreenschist facies,Null,Null,Greenschist facies
Null,Subgreenschist facies,Null,Null,Greenschist facies
Celeys Creek Monzogranite,Subgreenschist facies,Null,Null,Greenschist facies
Null,Subgreenschist facies,Null,Null,Subgreenschist facies
Jinden Monzogranite,Subgreenschist facies,Null,Null,Greenschist facies
Null,Subgreenschist facies,Null,Null,Subgreenschist facies
Null,Subgreenschist facies,Null,Null,Subgreenschist facies
Null,Subgreenschist facies,Null,Null,Subgreenschist facies
Null,Greenschist facies,Null,Null,Greenschist facies
Null,Greenschist facies,Null,Null,Amphibolite facies
Woomargama Granite,Greenschist facies,Null,Null,Greenschist facies
Thologolong Granite,Greenschist facies,Null,Null,Greenschist facies
Null,Greenschist facies,Null,Null,Amphibolite facies
Koetong Granite,Greenschist facies,Null,Null,Greenschist facies
Null,Greenschist facies,Null,Null,Greenschist facies
Null,Greenschist facies,Null,Null,Amphibolite facies
Munderoo Granodiorite,Greenschist facies,Null,Null,Greenschist facies
Null,Greenschist facies,Null,Null,Greenschist facies
Green Hills Granodiorite,Greenschist facies,Null,Null,Greenschist facies
Green Hills Granodiorite,Greenschist facies,Null,Null,Greenschist facies
Green Hills Granodiorite,Greenschist facies,Null,Null,Greenschist facies
Null,Subgreenschist facies,Null,Null,Subgreenschist facies
Null,Amphibolite facies,Null,Null,Greenschist facies
Null,Subgreenschist facies,Null,Null,Subgreenschist facies
Null,Subgreenschist facies,Null,Null,Subgreenschist facies
Null,Subgreenschist facies,Null,Null,Subgreenschist facies
Shannons Flat Granodiorite,Subgreenschist facies,Null,Null,Subgreenschist facies
Null,Subgreenschist facies,Null,Null,Subgreenschist facies
Clear Range Granodiorite,Subgreenschist facies,Null,Null,Subgreenschist facies
Michelago Igneous Complex,Subgreenschist facies,Null,Null,Greenschist facies
Null,Subgreenschist facies,Null,Null,Greenschist facies
Null,Subgreenschist facies,Null,Null,Greenschist facies
Null,Subgreenschist facies,Null,Null,Subgreenschist facies
Jinden Monzogranite,Subgreenschist facies,Null,Null,Greenschist facies
Null,Subgreenschist facies,Null,Null,Subgreenschist facies
Null,Subgreenschist facies,Null,Null,Subgreenschist facies
Null,Subgreenschist facies,Null,Null,Subgreenschist facies
Null,Greenschist facies,Null,Null,Amphibolite facies
Ralvona Granite,Greenschist facies,Null,Null,Greenschist facies
Koetong Granite,Greenschist facies,Null,Null,Greenschist facies
Thologolong Granite,Greenschist facies,Null,Null,Greenschist facies
Null,Greenschist facies,Null,Null,Greenschist facies
Null,Greenschist facies,Null,Null,Greenschist facies
Null,Greenschist facies,Null,Null,Greenschist facies
Null,Greenschist facies,Null,Null,Greenschist facies
Null,Greenschist facies,Null,Null,Greenschist facies
Green Hills Granodiorite,Greenschist facies,Null,Null,Greenschist facies
Green Hills Granodiorite,Greenschist facies,Null,Null,Greenschist facies
Green Hills Granodiorite,Greenschist facies,Null,Null,Greenschist facies
Null,Subgreenschist facies,Null,Null,Greenschist facies
Null,Subgreenschist facies,Null,Null,Greenschist facies
Null,Subgreenschist facies,Null,Null,Subgreenschist facies
Null,Subgreenschist facies,Null,Null,Subgreenschist facies
Null,Subgreenschist facies,Null,Null,Subgreenschist facies
Half Moon Peak Monzogranite,Subgreenschist facies,Null,Null,Subgreenschist facies
Shannons Flat Granodiorite,Subgreenschist facies,Null,Null,Subgreenschist facies
Null,Subgreenschist facies,Null,Null,Subgreenschist facies
Clear Range Granodiorite,Subgreenschist facies,Null,Null,Subgreenschist facies
Monkellan Granodiorite,Subgreenschist facies,Null,Null,Greenschist facies
Null,Subgreenschist facies,Null,Null,Upper Greenschist
Null,Subgreenschist facies,Null,Null,Greenschist facies
Null,Subgreenschist facies,Null,Null,Subgreenschist facies
Null,Subgreenschist facies,Null,Null,Greenschist facies
Braidwood Granodiorite - hornblende–phyric phase,Subgreenschist facies,Null,Null,Greenschist facies
Braidwood Granodiorite - equigranular phase,Subgreenschist facies,Null,Null,Greenschist facies
Null,Subgreenschist facies,Null,Null,Subgreenschist facies
Null,Greenschist facies,Null,Null,Amphibolite facies
Buchargingah Granite,Greenschist facies,Null,Null,Greenschist facies
Null,Greenschist facies,Null,Null,Amphibolite facies
Null,Greenschist facies,Null,Null,Greenschist facies
Null,Greenschist facies,Null,Null,Greenschist facies
Null,Greenschist facies,Null,Null,Greenschist facies
Null,Greenschist facies,Null,Null,Greenschist facies
Null,Greenschist facies,Null,Null,Greenschist facies
Null,Greenschist facies,Null,Null,Amphibolite facies
Green Hills Granodiorite,Greenschist facies,Null,Null,Greenschist facies
Green Hills Granodiorite,Greenschist facies,Null,Null,Greenschist facies
Green Hills Granodiorite,Greenschist facies,Null,Null,Greenschist facies
Null,Subgreenschist facies,Null,Null,Greenschist facies
Null,Subgreenschist facies,Null,Null,Subgreenschist facies
Null,Subgreenschist facies,Null,Null,Subgreenschist facies
Null,Subgreenschist facies,Null,Null,Greenschist facies
Jackson Granite,Subgreenschist facies,Null,Null,Subgreenschist facies
Ginini Leucomonzogranite,Subgreenschist facies,Null,Null,Subgreenschist facies
Shannons Flat Granodiorite,Subgreenschist facies,Null,Null,Subgreenschist facies
Shannons Flat Granodiorite,Subgreenschist facies,Null,Null,Subgreenschist facies
Clear Range Granodiorite,Subgreenschist facies,Null,Null,Subgreenschist facies
Null,Subgreenschist facies,Null,Null,Greenschist facies
Null,Subgreenschist facies,Null,Null,Greenschist facies
Null,Subgreenschist facies,Null,Null,Greenschist facies
Null,Subgreenschist facies,Null,Null,Upper Greenschist
Ballallaba Monzogranite,Subgreenschist facies,Null,Null,Greenschist facies
Null,Subgreenschist facies,Null,Null,Subgreenschist facies
Braidwood Granodiorite - equigranular phase,Subgreenschist facies,Null,Null,Greenschist facies
Monga Granite,Subgreenschist facies,Null,Null,Subgreenschist facies
Buchargingah Granite,Greenschist facies,Null,Null,Greenschist facies
Buchargingah Granite,Greenschist facies,Null,Null,Greenschist facies
Null,Greenschist facies,Null,Null,Greenschist facies
Null,Greenschist facies,Null,Null,Amphibolite facies
Null,Greenschist facies,Null,Null,Amphibolite facies
Kyeamba Monzogranite,Greenschist facies,Null,Null,Greenschist facies
Null,Greenschist facies,Null,Null,Greenschist facies
Null,Greenschist facies,Null,Null,Greenschist facies
Null,Greenschist facies,Null,Null,Greenschist facies
Green Hills Granodiorite,Greenschist facies,Null,Null,Greenschist facies
Nacka Nacka Metabasic Igneous Complex,Greenschist facies,Null,Null,Amphibolite facies
Null,Subgreenschist facies,Null,Null,Greenschist facies
Bogong Granite,Subgreenschist facies,Null,Null,Greenschist facies
Bogong Granite,Subgreenschist facies,Null,Null,Greenschist facies
Null,Subgreenschist facies,Null,Null,Subgreenschist facies
Null,Subgreenschist facies,Null,Null,Subgreenschist facies
Null,Subgreenschist facies,Null,Null,Subgreenschist facies
Ginini Leucomonzogranite,Subgreenschist facies,Null,Null,Subgreenschist facies
Shannons Flat Granodiorite,Subgreenschist facies,Null,Null,Subgreenschist facies
Booroomba Leucogranite,Subgreenschist facies,Null,Null,Subgreenschist facies
Null,Subgreenschist facies,Null,Null,Greenschist facies
Null,Subgreenschist facies,Null,Null,Greenschist facies
Null,Subgreenschist facies,Null,Null,Upper Greenschist
Null,Subgreenschist facies,Null,Null,Subgreenschist facies
Lockhart Igneous Complex - porphyritic granite phase,Subgreenschist facies,Null,Null,Amphibolite facies
Ballallaba Monzogranite,Subgreenschist facies,Null,Null,Greenschist facies
Null,Subgreenschist facies,Null,Null,Subgreenschist facies
Braidwood Granodiorite - equigranular phase,Subgreenschist facies,Null,Null,Greenschist facies
Null,Subgreenschist facies,Null,Null,Subgreenschist facies
Null,Greenschist facies,Null,Null,Amphibolite facies
Null,Greenschist facies,Null,Null,Greenschist facies
Null,Greenschist facies,Null,Null,Greenschist facies
Null,Greenschist facies,Null,Null,Amphibolite facies
Kyeamba Monzogranite,Greenschist facies,Null,Null,Greenschist facies
Null,Greenschist facies,Null,Null,Amphibolite facies
Null,Greenschist facies,Null,Null,Greenschist facies
Null,Greenschist facies,Null,Null,Greenschist facies
Null,Greenschist facies,Null,Null,Amphibolite facies
Green Hills Granodiorite,Greenschist facies,Null,Null,Greenschist facies
Nacka Nacka Metabasic Igneous Complex,Subgreenschist facies,Null,Null,Greenschist facies
Null,Subgreenschist facies,Null,Null,Greenschist facies
Null,Subgreenschist facies,Null,Null,Greenschist facies
Null,Subgreenschist facies,Null,Null,Greenschist facies
Young Granodiorite,Subgreenschist facies,Null,Null,Greenschist facies
Young Granodiorite,Subgreenschist facies,Null,Null,Greenschist facies
Null,Subgreenschist facies,Null,Null,Subgreenschist facies
Null,Subgreenschist facies,Null,Null,Subgreenschist facies
Null,Subgreenschist facies,Null,Null,Subgreenschist facies
Null,Subgreenschist facies,Null,Null,Subgreenschist facies
Null,Subgreenschist facies,Null,Null,Greenschist facies
Null,Subgreenschist facies,Null,Null,Greenschist facies
Null,Subgreenschist facies,Null,Null,Greenschist facies
Null,Subgreenschist facies,Null,Null,Subgreenschist facies
Lockhart Igneous Complex - granite phase,Subgreenschist facies,Null,Null,Amphibolite facies
Null,Subgreenschist facies,Null,Null,Greenschist facies
Null,Subgreenschist facies,Null,Null,Subgreenschist facies
Braidwood Granodiorite - hornblende–phyric phase,Subgreenschist facies,Null,Null,Greenschist facies
Null,Subgreenschist facies,Null,Null,Subgreenschist facies
Null,Greenschist facies,Null,Null,Greenschist facies
Burrandana Granite,Greenschist facies,Null,Null,Greenschist facies
Burrandana Granite,Greenschist facies,Null,Null,Greenschist facies
Mount Flakney Granite,Greenschist facies,Null,Null,Greenschist facies
Null,Greenschist facies,Null,Null,Greenschist facies
Null,Greenschist facies,Null,Null,Greenschist facies
Null,Greenschist facies,Null,Null,Greenschist facies
Null,Greenschist facies,Null,Null,Greenschist facies
Null,Greenschist facies,Null,Null,Greenschist facies
Ellerslie Granodiorite - high radioelement granite phase,Greenschist facies,Null,Null,Greenschist facies
Wondalga Granodiorite,Subgreenschist facies,Null,Null,Greenschist facies
Null,Subgreenschist facies,Null,Null,Greenschist facies
Null,Subgreenschist facies,Null,Null,Greenschist facies
Young Granodiorite,Subgreenschist facies,Null,Null,Greenschist facies
Micalong Swamp Basic Igneous Complex - gabbro,Subgreenschist facies,Null,Null,Greenschist facies
Young Granodiorite,Subgreenschist facies,Null,Null,Greenschist facies
Null,Subgreenschist facies,Null,Null,Subgreenschist facies
Null,Subgreenschist facies,Null,Null,Subgreenschist facies
Null,Subgreenschist facies,Null,Null,Subgreenschist facies
Null,Subgreenschist facies,Null,Null,Subgreenschist facies
Null,Subgreenschist facies,Null,Null,Greenschist facies
Null,Subgreenschist facies,Null,Null,Greenschist facies
Null,Subgreenschist facies,Null,Null,Greenschist facies
Null,Subgreenschist facies,Null,Null,Subgreenschist facies
Lockhart Igneous Complex - gabbro–dolerite phase,Subgreenschist facies,Null,Null,Amphibolite facies
Boro Granite - leucogranite,Subgreenschist facies,Null,Null,Greenschist facies
Null,Subgreenschist facies,Null,Null,Subgreenschist facies
Null,Subgreenschist facies,Null,Null,Subgreenschist facies
Null,Subgreenschist facies,Null,Null,Subgreenschist facies
Null,Greenschist facies,Null,Null,Greenschist facies
Burrandana Granite,Greenschist facies,Null,Null,Greenschist facies
Null,Greenschist facies,Null,Null,Greenschist facies
Wantabadgery Granite,Greenschist facies,Null,Null,Greenschist facies
Null,Greenschist facies,Null,Null,Greenschist facies
Null,Greenschist facies,Null,Null,Greenschist facies
Null,Greenschist facies,Null,Null,Greenschist facies
Null,Greenschist facies,Null,Null,Greenschist facies
Null,Greenschist facies,Null,Null,Greenschist facies
Null,Subgreenschist facies,Null,Null,Greenschist facies
Null,Subgreenschist facies,Null,Null,Greenschist facies
Null,Subgreenschist facies,Null,Null,Greenschist facies
Null,Subgreenschist facies,Null,Null,Greenschist facies
Young Granodiorite,Subgreenschist facies,Null,Null,Greenschist facies
Young Granodiorite,Subgreenschist facies,Null,Null,Greenschist facies
Null,Subgreenschist facies,Null,Null,Subgreenschist facies
Null,Subgreenschist facies,Null,Null,Subgreenschist facies
Null,Subgreenschist facies,Null,Null,Subgreenschist facies
Null,Subgreenschist facies,Null,Null,Subgreenschist facies
Null,Subgreenschist facies,Null,Null,Subgreenschist facies
Null,Subgreenschist facies,Null,Null,Greenschist facies
Null,Subgreenschist facies,Null,Null,Greenschist facies
Null,Subgreenschist facies,Null,Null,Greenschist facies
Null,Subgreenschist facies,Null,Null,Subgreenschist facies
Ellenden Granite,Subgreenschist facies,Null,Null,Greenschist facies
Null,Subgreenschist facies,Null,Null,Subgreenschist facies
Null,Subgreenschist facies,Null,Null,Subgreenschist facies
Null,Subgreenschist facies,Null,Null,Subgreenschist facies
Null,Subgreenschist facies,Null,Null,Subgreenschist facies
Collingullie Granite,Greenschist facies,Null,Null,Subgreenschist facies
Collingullie Granite,Greenschist facies,Null,Null,Greenschist facies
Null,Greenschist facies,Null,Null,Greenschist facies
Wantabadgery Granite,Greenschist facies,Null,Null,Greenschist facies
Wantabadgery Granite,Greenschist facies,Null,Null,Greenschist facies
Wantabadgery Granite,Greenschist facies,Null,Null,Greenschist facies
Null,Greenschist facies,Null,Null,Greenschist facies
Wantabadgery Granite,Greenschist facies,Null,Null,Greenschist facies
Null,Subgreenschist facies,Null,Null,Greenschist facies
Null,Subgreenschist facies,Null,Null,Greenschist facies
Null,Subgreenschist facies,Null,Null,Greenschist facies
Null,Subgreenschist facies,Null,Null,Greenschist facies
Null,Subgreenschist facies,Null,Null,Greenschist facies
Young Granodiorite,Subgreenschist facies,Null,Null,Greenschist facies
Young Granodiorite,Subgreenschist facies,Null,Null,Greenschist facies
Null,Subgreenschist facies,Null,Null,Subgreenschist facies
Null,Subgreenschist facies,Null,Null,Subgreenschist facies
Null,Subgreenschist facies,Null,Null,Subgreenschist facies
Null,Subgreenschist facies,Null,Null,Subgreenschist facies
Null,Subgreenschist facies,Null,Null,Greenschist facies
Null,Subgreenschist facies,Null,Null,Greenschist facies
Null,Subgreenschist facies,Null,Null,Greenschist facies
Null,Subgreenschist facies,Null,Null,Greenschist facies
Null,Subgreenschist facies,Null,Null,Subgreenschist facies
Ellenden Granite,Subgreenschist facies,Null,Null,Upper Greenschist
Null,Subgreenschist facies,Null,Null,Subgreenschist facies
Bundong Granite,Subgreenschist facies,Null,Null,Greenschist facies
Null,Subgreenschist facies,Null,Null,Subgreenschist facies
Null,Subgreenschist facies,Null,Null,Subgreenschist facies
Collingullie Granite,Greenschist facies,Null,Null,Subgreenschist facies
Null,Greenschist facies,Null,Null,Subgreenschist facies
Null,Greenschist facies,Null,Null,Greenschist facies
Wantabadgery Granite,Greenschist facies,Null,Null,Greenschist facies
Wantabadgery Granite,Greenschist facies,Null,Null,Greenschist facies
Wantabadgery Granite,Greenschist facies,Null,Null,Greenschist facies
Wantabadgery Granite,Greenschist facies,Null,Null,Greenschist facies
Null,Greenschist facies,Null,Null,Greenschist facies
Null,Subgreenschist facies,Null,Null,Greenschist facies
Null,Subgreenschist facies,Null,Null,Greenschist facies
Null,Greenschist facies,Null,Null,Greenschist facies
Null,Upper Greenschist,Null,Null,Greenschist facies
Young Granodiorite,Subgreenschist facies,Null,Null,Greenschist facies
Young Granodiorite,Subgreenschist facies,Null,Null,Greenschist facies
Null,Subgreenschist facies,Null,Null,Greenschist facies
Null,Subgreenschist facies,Null,Null,Greenschist facies
Null,Subgreenschist facies,Null,Null,Subgreenschist facies
Null,Subgreenschist facies,Null,Null,Subgreenschist facies
Null,Subgreenschist facies,Null,Null,Subgreenschist facies
Null,Subgreenschist facies,Null,Null,Greenschist facies
Null,Subgreenschist facies,Null,Null,Greenschist facies
Null,Subgreenschist facies,Null,Null,Greenschist facies
Null,Subgreenschist facies,Null,Null,Greenschist facies
Null,Subgreenschist facies,Null,Null,Subgreenschist facies
Null,Subgreenschist facies,Null,Null,Greenschist facies
Null,Subgreenschist facies,Null,Null,Subgreenschist facies
Null,Subgreenschist facies,Null,Null,Subgreenschist facies
Null,Subgreenschist facies,Null,Null,Subgreenschist facies
Null,Subgreenschist facies,Null,Null,Subgreenschist facies
Null,Greenschist facies,Null,Null,Greenschist facies
Ganmain Granite,Greenschist facies,Null,Null,Greenschist facies
Null,Greenschist facies,Null,Null,Greenschist facies
Wantabadgery Granite,Greenschist facies,Null,Null,Greenschist facies
Wantabadgery Granite,Greenschist facies,Null,Null,Greenschist facies
Wantabadgery Granite,Greenschist facies,Null,Null,Greenschist facies
Wantabadgery Granite,Greenschist facies,Null,Null,Greenschist facies
Null,Subgreenschist facies,Null,Null,Greenschist facies
Null,Subgreenschist facies,Null,Null,Greenschist facies
Null,Subgreenschist facies,Null,Null,Greenschist facies
Null,Subgreenschist facies,Null,Null,Greenschist facies
Null,Subgreenschist facies,Null,Null,Greenschist facies
Young Granodiorite,Subgreenschist facies,Null,Null,Greenschist facies
Young Granodiorite,Subgreenschist facies,Null,Null,Greenschist facies
Null,Subgreenschist facies,Null,Null,Greenschist facies
Unassigned Devonian intrusions - micorgranodiorite,Subgreenschist facies,Null,Null,Greenschist facies
Null,Subgreenschist facies,Null,Null,Greenschist facies
Null,Subgreenschist facies,Null,Null,Greenschist facies
Null,Subgreenschist facies,Null,Null,Subgreenschist facies
Null,Subgreenschist facies,Null,Null,Greenschist facies
Null,Subgreenschist facies,Null,Null,Greenschist facies
Null,Subgreenschist facies,Null,Null,Greenschist facies
Null,Subgreenschist facies,Null,Null,Greenschist facies
Gunning Granite,Subgreenschist facies,Null,Null,Upper Greenschist
Wologorong Granite,Subgreenschist facies,Null,Null,Greenschist facies
Null,Subgreenschist facies,Null,Null,Subgreenschist facies
Null,Subgreenschist facies,Null,Null,Greenschist facies
Null,Subgreenschist facies,Null,Null,Subgreenschist facies
Null,Subgreenschist facies,Null,Null,Greenschist facies
Ganmain Granite,Greenschist facies,Null,Null,Greenschist facies
Null,Greenschist facies,Null,Null,Greenschist facies
Wantabadgery Granite,Greenschist facies,Null,Null,Greenschist facies
Wantabadgery Granite,Greenschist facies,Null,Null,Greenschist facies
Wantabadgery Granite,Greenschist facies,Null,Null,Greenschist facies
Wantabadgery Granite,Greenschist facies,Null,Null,Greenschist facies
Null,Subgreenschist facies,Null,Null,Greenschist facies
Null,Subgreenschist facies,Null,Null,Greenschist facies
Ulandra Granite,Subgreenschist facies,Null,Null,Greenschist facies
Null,Subgreenschist facies,Null,Null,Greenschist facies
Null,Upper Greenschist,Null,Null,Greenschist facies
Null,Subgreenschist facies,Null,Null,Greenschist facies
Young Granodiorite,Subgreenschist facies,Null,Null,Greenschist facies
Young Granodiorite,Subgreenschist facies,Null,Null,Greenschist facies
Null,Subgreenschist facies,Null,Null,Greenschist facies
Null,Subgreenschist facies,Null,Null,Greenschist facies
Null,Subgreenschist facies,Null,Null,Greenschist facies
Null,Subgreenschist facies,Null,Null,Subgreenschist facies
Null,Subgreenschist facies,Null,Null,Subgreenschist facies
Null,Subgreenschist facies,Null,Null,Greenschist facies
Null,Subgreenschist facies,Null,Null,Greenschist facies
Oolong Granite,Subgreenschist facies,Null,Null,Greenschist facies
Gunning Granite,Subgreenschist facies,Null,Null,Greenschist facies
Null,Subgreenschist facies,Null,Null,Subgreenschist facies
Null,Subgreenschist facies,Null,Null,Greenschist facies
Null,Subgreenschist facies,Null,Null,Subgreenschist facies
Null,Subgreenschist facies,Null,Null,Subgreenschist facies
Null,Subgreenschist facies,Null,Null,Subgreenschist facies
Null,Subgreenschist facies,Null,Null,Subgreenschist facies
Null,Greenschist facies,Null,Null,Greenschist facies
Wantabadgery Granite,Greenschist facies,Null,Null,Greenschist facies
Wantabadgery Granite,Greenschist facies,Null,Null,Greenschist facies
Wantabadgery Granite,Greenschist facies,Null,Null,Greenschist facies
Wantabadgery Granite,Greenschist facies,Null,Null,Greenschist facies
Null,Greenschist facies,Null,Null,Greenschist facies
Null,Subgreenschist facies,Null,Null,Greenschist facies
Null,Subgreenschist facies,Null,Null,Greenschist facies
Null,Subgreenschist facies,Null,Null,Greenschist facies
Null,Subgreenschist facies,Null,Null,Greenschist facies
Null,Upper Greenschist,Null,Null,Greenschist facies
Null,Subgreenschist facies,Null,Null,Greenschist facies
Young Granodiorite,Subgreenschist facies,Null,Null,Greenschist facies
Young Granodiorite,Subgreenschist facies,Null,Null,Greenschist facies
Young Granodiorite,Subgreenschist facies,Null,Null,Greenschist facies
Null,Subgreenschist facies,Null,Null,Greenschist facies
Null,Subgreenschist facies,Null,Null,Greenschist facies
Null,Subgreenschist facies,Null,Null,Subgreenschist facies
Null,Subgreenschist facies,Null,Null,Greenschist facies
Null,Subgreenschist facies,Null,Null,Greenschist facies
Null,Subgreenschist facies,Null,Null,Subgreenschist facies
Null,Subgreenschist facies,Null,Null,Subgreenschist facies
Gunning Granite,Subgreenschist facies,Null,Null,Greenschist facies
Null,Subgreenschist facies,Null,Null,Subgreenschist facies
Null,Subgreenschist facies,Null,Null,Greenschist facies
Null,Subgreenschist facies,Null,Null,Subgreenschist facies
Null,Subgreenschist facies,Null,Null,Subgreenschist facies
Null,Subgreenschist facies,Null,Null,Subgreenschist facies
Null,Subgreenschist facies,Null,Null,Greenschist facies
Null,Greenschist facies,Null,Null,Greenschist facies
Wantabadgery Granite,Greenschist facies,Null,Null,Greenschist facies
Wantabadgery Granite,Greenschist facies,Null,Null,Greenschist facies
Wantabadgery Granite,Greenschist facies,Null,Null,Greenschist facies
Null,Greenschist facies,Null,Null,Greenschist facies
Null,Greenschist facies,Null,Null,Greenschist facies
Null,Subgreenschist facies,Null,Null,Greenschist facies
Null,Subgreenschist facies,Null,Null,Greenschist facies
Null,Subgreenschist facies,Null,Null,Greenschist facies
Null,Subgreenschist facies,Null,Null,Greenschist facies
Null,Upper Greenschist,Null,Null,Greenschist facies
Null,Upper Greenschist,Null,Null,Greenschist facies
Young Granodiorite,Subgreenschist facies,Null,Null,Greenschist facies
Young Granodiorite,Subgreenschist facies,Null,Null,Greenschist facies
Young Granodiorite,Subgreenschist facies,Null,Null,Greenschist facies
Null,Subgreenschist facies,Null,Null,Greenschist facies
Null,Subgreenschist facies,Null,Null,Subgreenschist facies
Null,Subgreenschist facies,Null,Null,Greenschist facies
Null,Subgreenschist facies,Null,Null,Greenschist facies
Null,Subgreenschist facies,Null,Null,Subgreenschist facies
Null,Subgreenschist facies,Null,Null,Subgreenschist facies
Null,Subgreenschist facies,Null,Null,Subgreenschist facies
Winduella Tonalite,Subgreenschist facies,Null,Null,Upper Greenschist
Null,Subgreenschist facies,Null,Null,Subgreenschist facies
Null,Subgreenschist facies,Null,Null,Greenschist facies
Wologorong Granite,Subgreenschist facies,Null,Null,Greenschist facies
Null,Subgreenschist facies,Null,Null,Subgreenschist facies
Null,Subgreenschist facies,Null,Null,Subgreenschist facies
Null,Subgreenschist facies,Null,Null,Subgreenschist facies
Wantabadgery Granite,Greenschist facies,Null,Null,Greenschist facies
Wantabadgery Granite,Greenschist facies,Null,Null,Greenschist facies
Null,Greenschist facies,Null,Null,Greenschist facies
Null,Greenschist facies,Null,Null,Greenschist facies
Null,Greenschist facies,Null,Null,Greenschist facies
Null,Greenschist facies,Null,Null,Greenschist facies
Null,Subgreenschist facies,Null,Null,Greenschist facies
Gundibindyal Granite,Subgreenschist facies,Null,Null,Greenschist facies
Null,Subgreenschist facies,Null,Null,Greenschist facies
Null,Subgreenschist facies,Null,Null,Greenschist facies
Null,Upper Greenschist,Null,Null,Greenschist facies
Young Granodiorite,Subgreenschist facies,Null,Null,Greenschist facies
Young Granodiorite,Subgreenschist facies,Null,Null,Greenschist facies
Young Granodiorite,Subgreenschist facies,Null,Null,Greenschist facies
Young Granodiorite,Subgreenschist facies,Null,Null,Greenschist facies
Null,Subgreenschist facies,Null,Null,Upper Greenschist
Null,Subgreenschist facies,Null,Null,Greenschist facies
Null,Subgreenschist facies,Null,Null,Greenschist facies
Rye Park Granite,Subgreenschist facies,Null,Null,Upper Greenschist
Null,Subgreenschist facies,Null,Null,Subgreenschist facies
Null,Subgreenschist facies,Null,Null,Subgreenschist facies
Gunning Granite,Subgreenschist facies,Null,Null,Greenschist facies
Binda Granite,Subgreenschist facies,Null,Null,Upper Greenschist
Null,Subgreenschist facies,Null,Null,Subgreenschist facies
Null,Subgreenschist facies,Null,Null,Greenschist facies
Tumboramboro Granite,Subgreenschist facies,Null,Null,Greenschist facies
Null,Subgreenschist facies,Null,Null,Subgreenschist facies
Null,Subgreenschist facies,Null,Null,Subgreenschist facies
Null,Subgreenschist facies,Null,Null,Subgreenschist facies
Yarranjerry Granite,Greenschist facies,Null,Null,Greenschist facies
Null,Greenschist facies,Null,Null,Greenschist facies
Null,Greenschist facies,Null,Null,Greenschist facies
Null,Greenschist facies,Null,Null,Greenschist facies
Null,Greenschist facies,Null,Null,Greenschist facies
Null,Greenschist facies,Null,Null,Greenschist facies
Null,Subgreenschist facies,Null,Null,Greenschist facies
Null,Subgreenschist facies,Null,Null,Greenschist facies
Null,Subgreenschist facies,Null,Null,Greenschist facies
Null,Subgreenschist facies,Null,Null,Greenschist facies
Young Granodiorite,Upper Greenschist,Null,Null,Greenschist facies
Young Granodiorite,Subgreenschist facies,Null,Null,Greenschist facies
Young Granodiorite,Subgreenschist facies,Null,Null,Greenschist facies
Young Granodiorite,Subgreenschist facies,Null,Null,Greenschist facies
Null,Subgreenschist facies,Null,Null,Greenschist facies
Null,Subgreenschist facies,Null,Null,Greenschist facies
Null,Subgreenschist facies,Null,Null,Greenschist facies
Null,Subgreenschist facies,Null,Null,Upper Greenschist
Null,Subgreenschist facies,Null,Null,Subgreenschist facies
Wallah Granite,Subgreenschist facies,Null,Null,Greenschist facies
Wallah Granite,Subgreenschist facies,Null,Null,Greenschist facies
Mulgowrie Granite,Subgreenschist facies,Null,Null,Greenschist facies
Binda Granite,Subgreenschist facies,Null,Null,Upper Greenschist
Null,Subgreenschist facies,Null,Null,Subgreenschist facies
Null,Subgreenschist facies,Null,Null,Greenschist facies
Tumboramboro Granite,Subgreenschist facies,Null,Null,Greenschist facies
Null,Subgreenschist facies,Null,Null,Subgreenschist facies
Null,Subgreenschist facies,Null,Null,Subgreenschist facies
Null,Subgreenschist facies,Null,Null,Subgreenschist facies
Null,Greenschist facies,Null,Null,Greenschist facies
Yalgogrin Granite,Greenschist facies,Null,Null,Greenschist facies
Yalgogrin Granite,Greenschist facies,Null,Null,Greenschist facies
Null,Greenschist facies,Null,Null,Greenschist facies
Null,Greenschist facies,Null,Null,Greenschist facies
Null,Subgreenschist facies,Null,Null,Greenschist facies
Null,Subgreenschist facies,Null,Null,Greenschist facies
Null,Subgreenschist facies,Null,Null,Greenschist facies
Null,Subgreenschist facies,Null,Null,Greenschist facies
Null,Subgreenschist facies,Null,Null,Greenschist facies
Young Granodiorite,Subgreenschist facies,Null,Null,Greenschist facies
Young Granodiorite,Subgreenschist facies,Null,Null,Greenschist facies
Young Granodiorite,Subgreenschist facies,Null,Null,Greenschist facies
Null,Subgreenschist facies,Null,Null,Greenschist facies
Null,Subgreenschist facies,Null,Null,Greenschist facies
Null,Subgreenschist facies,Null,Null,Greenschist facies
Null,Subgreenschist facies,Null,Null,Greenschist facies
Licking Gully Granite,Greenschist facies,Null,Null,Greenschist facies
Null,Subgreenschist facies,Null,Null,Subgreenschist facies
Null,Subgreenschist facies,Null,Null,Subgreenschist facies
Null,Subgreenschist facies,Null,Null,Upper Greenschist
Mulgowrie Granite,Subgreenschist facies,Null,Null,Upper Greenschist
Binda Granite,Subgreenschist facies,Null,Null,Greenschist facies
Null,Subgreenschist facies,Null,Null,Subgreenschist facies
Null,Subgreenschist facies,Null,Null,Upper Greenschist
Tumboramboro Granite,Subgreenschist facies,Null,Null,Greenschist facies
Null,Subgreenschist facies,Null,Null,Subgreenschist facies
Null,Subgreenschist facies,Null,Null,Subgreenschist facies
Null,Subgreenschist facies,Null,Null,Subgreenschist facies
Yalgogrin Granite,Greenschist facies,Null,Null,Greenschist facies
Yalgogrin Granite,Greenschist facies,Null,Null,Greenschist facies
Wargin Granite,Greenschist facies,Null,Null,Subgreenschist facies
Null,Greenschist facies,Null,Null,Greenschist facies
Null,Greenschist facies,Null,Null,Greenschist facies
Null,Subgreenschist facies,Null,Null,Greenschist facies
Null,Subgreenschist facies,Null,Null,Greenschist facies
Null,Subgreenschist facies,Null,Null,Greenschist facies
Null,Subgreenschist facies,Null,Null,Greenschist facies
Null,Subgreenschist facies,Null,Null,Greenschist facies
Young Granodiorite,Subgreenschist facies,Null,Null,Greenschist facies
Young Granodiorite,Subgreenschist facies,Null,Null,Greenschist facies
Young Granodiorite,Subgreenschist facies,Null,Null,Greenschist facies
Null,Subgreenschist facies,Null,Null,Greenschist facies
Null,Subgreenschist facies,Null,Null,Greenschist facies
Null,Subgreenschist facies,Null,Null,Greenschist facies
Null,Greenschist facies,Null,Null,Upper Greenschist
Null,Greenschist facies,Null,Null,Greenschist facies
Reids Flat Granite,Subgreenschist facies,Null,Null,Greenschist facies
Reids Flat Granite,Subgreenschist facies,Null,Null,Greenschist facies
Null,Subgreenschist facies,Null,Null,Upper Greenschist
Null,Subgreenschist facies,Null,Null,Greenschist facies
Null,Subgreenschist facies,Null,Null,Greenschist facies
Null,Subgreenschist facies,Null,Null,Greenschist facies
Null,Subgreenschist facies,Null,Null,Greenschist facies
Tumboramboro Granite,Subgreenschist facies,Null,Null,Greenschist facies
Null,Subgreenschist facies,Null,Null,Subgreenschist facies
Null,Subgreenschist facies,Null,Null,Subgreenschist facies
Null,Subgreenschist facies,Null,Null,Subgreenschist facies
Yalgogrin Granite,Greenschist facies,Null,Null,Greenschist facies
Karoora Granodiorite,Greenschist facies,Null,Null,Subgreenschist facies
Wargin Granite,Greenschist facies,Null,Null,Subgreenschist facies
Null,Greenschist facies,Null,Null,Greenschist facies
Null,Greenschist facies,Null,Null,Greenschist facies
Null,Subgreenschist facies,Null,Null,Greenschist facies
Null,Subgreenschist facies,Null,Null,Greenschist facies
Null,Subgreenschist facies,Null,Null,Greenschist facies
Null,Subgreenschist facies,Null,Null,Greenschist facies
Null,Subgreenschist facies,Null,Null,Greenschist facies
Young Granodiorite,Upper Greenschist,Null,Null,Greenschist facies
Young Granodiorite,Subgreenschist facies,Null,Null,Greenschist facies
Young Granodiorite,Subgreenschist facies,Null,Null,Greenschist facies
Young Granodiorite,Subgreenschist facies,Null,Null,Greenschist facies
Null,Subgreenschist facies,Null,Null,Greenschist facies
Null,Subgreenschist facies,Null,Null,Greenschist facies
Null,Greenschist facies,Null,Null,Greenschist facies
Wyangala Granite,Subgreenschist facies,Null,Null,Amphibolite facies
Wyangala Granite,Subgreenschist facies,Null,Null,Greenschist facies
Reids Flat Granite,Subgreenschist facies,Null,Null,Greenschist facies
Yewrangara Granite,Subgreenschist facies,Null,Null,Greenschist facies
Blackmans Creek Granite,Subgreenschist facies,Null,Null,Upper Greenschist
Null,Subgreenschist facies,Null,Null,Subgreenschist facies
Null,Subgreenschist facies,Null,Null,Upper Greenschist
Null,Subgreenschist facies,Null,Null,Greenschist facies
Tumboramboro Granite,Subgreenschist facies,Null,Null,Amphibolite facies
Null,Subgreenschist facies,Null,Null,Subgreenschist facies
Null,Subgreenschist facies,Null,Null,Subgreenschist facies
Null,Subgreenschist facies,Null,Null,Subgreenschist facies
Buddigower Granite,Greenschist facies,Null,Null,Greenschist facies
Null,Greenschist facies,Null,Null,Subgreenschist facies
Null,Greenschist facies,Null,Null,Greenschist facies
Null,Greenschist facies,Null,Null,Greenschist facies
Null,Greenschist facies,Null,Null,Greenschist facies
Null,Subgreenschist facies,Null,Null,Greenschist facies
Null,Subgreenschist facies,Null,Null,Greenschist facies
Null,Subgreenschist facies,Null,Null,Greenschist facies
Null,Subgreenschist facies,Null,Null,Greenschist facies
Null,Subgreenschist facies,Null,Null,Greenschist facies
Null,Upper Greenschist,Null,Null,Greenschist facies
Null,Subgreenschist facies,Null,Null,Greenschist facies
Null,Subgreenschist facies,Null,Null,Greenschist facies
Young Granodiorite,Subgreenschist facies,Null,Null,Greenschist facies
Crowther Monzodiorite,Subgreenschist facies,Null,Null,Greenschist facies
Null,Subgreenschist facies,Null,Null,Greenschist facies
Null,Greenschist facies,Null,Null,Greenschist facies
Wyangala Granite,Subgreenschist facies,Null,Null,Greenschist facies
Wyangala Granite,Subgreenschist facies,Null,Null,Greenschist facies
Streamville Granodiorite,Subgreenschist facies,Null,Null,Upper Greenschist
Bigga Granite,Subgreenschist facies,Null,Null,Upper Greenschist
Null,Subgreenschist facies,Null,Null,Amphibolite facies
Null,Subgreenschist facies,Null,Null,Greenschist facies
Null,Subgreenschist facies,Null,Null,Upper Greenschist
Null,Subgreenschist facies,Null,Null,Upper Greenschist
Tumboramboro Granite,Subgreenschist facies,Null,Null,Greenschist facies
Null,Subgreenschist facies,Null,Null,Subgreenschist facies
Null,Subgreenschist facies,Null,Null,Subgreenschist facies
Null,Subgreenschist facies,Null,Null,Subgreenschist facies
Null,Greenschist facies,Null,Null,Subgreenschist facies
Ungarie Granite,Greenschist facies,Null,Null,Greenschist facies
Null,Greenschist facies,Null,Null,Greenschist facies
Null,Greenschist facies,Null,Null,Greenschist facies
Null,Greenschist facies,Null,Null,Greenschist facies
Null,Subgreenschist facies,Null,Null,Greenschist facies
Null,Subgreenschist facies,Null,Null,Greenschist facies
Null,Subgreenschist facies,Null,Null,Greenschist facies
Null,Subgreenschist facies,Null,Null,Greenschist facies
Null,Subgreenschist facies,Null,Null,Greenschist facies
Null,Upper Greenschist,Null,Null,Greenschist facies
Null,Subgreenschist facies,Null,Null,Greenschist facies
Null,Subgreenschist facies,Null,Null,Greenschist facies
Null,Subgreenschist facies,Null,Null,Greenschist facies
Broula Granite,Subgreenschist facies,Null,Null,Greenschist facies
Null,Subgreenschist facies,Null,Null,Greenschist facies
Null,Greenschist facies,Null,Null,Greenschist facies
Wyangala Granite,Greenschist facies,Null,Null,Greenschist facies
Null,Greenschist facies,Null,Null,Greenschist facies
Null,Subgreenschist facies,Null,Null,Upper Greenschist
Null,Subgreenschist facies,Null,Null,Upper Greenschist
Null,Subgreenschist facies,Null,Null,Upper Greenschist
Null,Greenschist facies,Null,Null,Greenschist facies
Null,Subgreenschist facies,Null,Null,Upper Greenschist
Null,Subgreenschist facies,Null,Null,Upper Greenschist
Null,Subgreenschist facies,Null,Null,Subgreenschist facies
Null,Subgreenschist facies,Null,Null,Greenschist facies
Null,Subgreenschist facies,Null,Null,Subgreenschist facies
Null,Subgreenschist facies,Null,Null,Subgreenschist facies
Null,Greenschist facies,Null,Null,Subgreenschist facies
Ungarie Granite,Greenschist facies,Null,Null,Greenschist facies
Null,Greenschist facies,Null,Null,Greenschist facies
Null,Greenschist facies,Null,Null,Greenschist facies
Null,Greenschist facies,Null,Null,Greenschist facies
Null,Subgreenschist facies,Null,Null,Greenschist facies
Null,Subgreenschist facies,Null,Null,Greenschist facies
Null,Subgreenschist facies,Null,Null,Greenschist facies
Caragabal Granite,Subgreenschist facies,Null,Null,Greenschist facies
Null,Subgreenschist facies,Null,Null,Greenschist facies
Null,Subgreenschist facies,Null,Null,Greenschist facies
Grenfell Granite,Subgreenschist facies,Null,Null,Greenschist facies
Null,Subgreenschist facies,Null,Null,Greenschist facies
Null,Subgreenschist facies,Null,Null,Greenschist facies
Null,Subgreenschist facies,Null,Null,Greenschist facies
Null,Subgreenschist facies,Null,Null,Greenschist facies
Cowra Granodiorite,Subgreenschist facies,Null,Null,Greenschist facies
Null,Greenschist facies,Null,Null,Greenschist facies
Null,Greenschist facies,Null,Null,Greenschist facies
Wyangala Granite,Greenschist facies,Null,Null,Upper Greenschist
Null,Subgreenschist facies,Null,Null,Upper Greenschist
Sunset Hills Granite,Subgreenschist facies,Null,Null,Upper Greenschist
Null,Greenschist facies,Null,Null,Greenschist facies
Null,Subgreenschist facies,Null,Null,Upper Greenschist
Null,Subgreenschist facies,Null,Null,Upper Greenschist
Null,Subgreenschist facies,Null,Null,Greenschist facies
Null,Subgreenschist facies,Null,Null,Greenschist facies
Null,Subgreenschist facies,Null,Null,Greenschist facies
Null,Subgreenschist facies,Null,Null,Subgreenschist facies
Ungarie Granite,Greenschist facies,Null,Null,Greenschist facies
Ungarie Granite,Greenschist facies,Null,Null,Greenschist facies
Null,Subgreenschist facies,Null,Null,Greenschist facies
Null,Greenschist facies,Null,Null,Greenschist facies
Null,Greenschist facies,Null,Null,Greenschist facies
Null,Subgreenschist facies,Null,Null,Greenschist facies
Null,Subgreenschist facies,Null,Null,Greenschist facies
Null,Subgreenschist facies,Null,Null,Greenschist facies
Null,Subgreenschist facies,Null,Null,Greenschist facies
Null,Subgreenschist facies,Null,Null,Greenschist facies
Null,Subgreenschist facies,Null,Null,Greenschist facies
Null,Upper Greenschist,Null,Null,Greenschist facies
Null,Subgreenschist facies,Null,Null,Greenschist facies
Null,Subgreenschist facies,Null,Null,Greenschist facies
Null,Subgreenschist facies,Null,Null,Greenschist facies
Null,Subgreenschist facies,Null,Null,Greenschist facies
Cowra Granodiorite,Subgreenschist facies,Null,Null,Greenschist facies
Null,Greenschist facies,Null,Null,Greenschist facies
Null,Greenschist facies,Null,Null,Greenschist facies
Null,Greenschist facies,Null,Null,Greenschist facies
Null,Greenschist facies,Null,Null,Upper Greenschist
Null,Greenschist facies,Null,Null,Upper Greenschist
Null,Greenschist facies,Null,Null,Upper Greenschist
Null,Subgreenschist facies,Null,Null,Greenschist facies
Null,Subgreenschist facies,Null,Null,Upper Greenschist
Null,Subgreenschist facies,Null,Null,Upper Greenschist
Null,Subgreenschist facies,Null,Null,Greenschist facies
Null,Subgreenschist facies,Null,Null,Greenschist facies
Null,Subgreenschist facies,Null,Null,Greenschist facies
Null,Greenschist facies,Null,Null,Greenschist facies
Ungarie Granite,Greenschist facies,Null,Null,Greenschist facies
Null,Subgreenschist facies,Null,Null,Greenschist facies
Null,Greenschist facies,Null,Null,Greenschist facies
Null,Greenschist facies,Null,Null,Greenschist facies
Null,Greenschist facies,Null,Null,Greenschist facies
Null,Subgreenschist facies,Null,Null,Greenschist facies
Null,Subgreenschist facies,Null,Null,Greenschist facies
Null,Subgreenschist facies,Null,Null,Greenschist facies
Null,Subgreenschist facies,Null,Null,Greenschist facies
Null,Subgreenschist facies,Null,Null,Greenschist facies
Null,Subgreenschist facies,Null,Null,Greenschist facies
Milandra Granite,Subgreenschist facies,Null,Null,Greenschist facies
Null,Subgreenschist facies,Null,Null,Greenschist facies
Null,Subgreenschist facies,Null,Null,Greenschist facies
Null,Subgreenschist facies,Null,Null,Greenschist facies
Null,Subgreenschist facies,Null,Null,Greenschist facies
Null,Greenschist facies,Null,Null,Greenschist facies
Null,Greenschist facies,Null,Null,Greenschist facies
Null,Greenschist facies,Null,Null,Greenschist facies
Null,Greenschist facies,Null,Null,Greenschist facies
Carcoar Granodiorite,Greenschist facies,Null,Null,Greenschist facies
Null,Greenschist facies,Null,Null,Upper Greenschist
Null,Subgreenschist facies,Null,Null,Greenschist facies
Null,Subgreenschist facies,Null,Null,Upper Greenschist
Davies Creek Granite,Subgreenschist facies,Null,Null,Upper Greenschist
Null,Subgreenschist facies,Null,Null,Greenschist facies
Null,Subgreenschist facies,Null,Null,Greenschist facies
Null,Subgreenschist facies,Null,Null,Subgreenschist facies
Null,Greenschist facies,Null,Null,Greenschist facies
Null,Subgreenschist facies,Null,Null,Greenschist facies
Null,Subgreenschist facies,Null,Null,Greenschist facies
Null,Greenschist facies,Null,Null,Greenschist facies
Null,Greenschist facies,Null,Null,Greenschist facies
Null,Greenschist facies,Null,Null,Greenschist facies
Null,Subgreenschist facies,Null,Null,Greenschist facies
Null,Subgreenschist facies,Null,Null,Greenschist facies
Null,Subgreenschist facies,Null,Null,Greenschist facies
Null,Subgreenschist facies,Null,Null,Greenschist facies
Null,Subgreenschist facies,Null,Null,Greenschist facies
Clear Hills Monzodiorite,Subgreenschist facies,Null,Null,Greenschist facies
Milandra Granite,Subgreenschist facies,Null,Null,Greenschist facies
Milandra Granite,Subgreenschist facies,Null,Null,Greenschist facies
Null,Subgreenschist facies,Null,Null,Greenschist facies
Null,Subgreenschist facies,Null,Null,Greenschist facies
Null,Greenschist facies,Null,Null,Greenschist facies
Null,Greenschist facies,Null,Null,Greenschist facies
Null,Greenschist facies,Null,Null,Greenschist facies
Null,Greenschist facies,Null,Null,Greenschist facies
Null,Greenschist facies,Null,Null,Greenschist facies
Null,Greenschist facies,Null,Null,Greenschist facies
Null,Greenschist facies,Null,Null,Upper Greenschist
Null,Subgreenschist facies,Null,Null,Upper Greenschist
Null,Subgreenschist facies,Null,Null,Upper Greenschist
Null,Subgreenschist facies,Null,Null,Upper Greenschist
Null,Subgreenschist facies,Null,Null,Greenschist facies
Null,Subgreenschist facies,Null,Null,Greenschist facies
Null,Subgreenschist facies,Null,Null,Subgreenschist facies
Null,Greenschist facies,Null,Null,Greenschist facies
Null,Subgreenschist facies,Null,Null,Greenschist facies
Null,Subgreenschist facies,Null,Null,Greenschist facies
Null,Greenschist facies,Null,Null,Greenschist facies
Null,Greenschist facies,Null,Null,Greenschist facies
Null,Subgreenschist facies,Null,Null,Greenschist facies
Null,Subgreenschist facies,Null,Null,Greenschist facies
Null,Subgreenschist facies,Null,Null,Greenschist facies
Null,Subgreenschist facies,Null,Null,Greenschist facies
Null,Subgreenschist facies,Null,Null,Greenschist facies
Null,Subgreenschist facies,Null,Null,Greenschist facies
Null,Greenschist facies,Null,Null,Greenschist facies
Eugowra Granite,Subgreenschist facies,Null,Null,Greenschist facies
Eugowra Granite,Subgreenschist facies,Null,Null,Greenschist facies
Null,Subgreenschist facies,Null,Null,Greenschist facies
Null,Subgreenschist facies,Null,Null,Greenschist facies
Null,Greenschist facies,Null,Null,Greenschist facies
Null,Greenschist facies,Null,Null,Greenschist facies
Null,Greenschist facies,Null,Null,Greenschist facies
Null,Greenschist facies,Null,Null,Greenschist facies
Null,Greenschist facies,Null,Null,Greenschist facies
Null,Greenschist facies,Null,Null,Greenschist facies
Null,Greenschist facies,Null,Null,Upper Greenschist
Null,Subgreenschist facies,Null,Null,Upper Greenschist
Null,Subgreenschist facies,Null,Null,Upper Greenschist
Null,Subgreenschist facies,Null,Null,Upper Greenschist
Null,Subgreenschist facies,Null,Null,Greenschist facies
Null,Subgreenschist facies,Null,Null,Greenschist facies
Null,Subgreenschist facies,Null,Null,Greenschist facies
Null,Greenschist facies,Null,Null,Greenschist facies
Null,Subgreenschist facies,Null,Null,Greenschist facies
Null,Subgreenschist facies,Null,Null,Greenschist facies
Null,Greenschist facies,Null,Null,Greenschist facies
Null,Subgreenschist facies,Null,Null,Greenschist facies
Null,Subgreenschist facies,Null,Null,Greenschist facies
Null,Subgreenschist facies,Null,Null,Greenschist facies
Null,Subgreenschist facies,Null,Null,Greenschist facies
Null,Subgreenschist facies,Null,Null,Greenschist facies
Null,Greenschist facies,Null,Null,Greenschist facies
Null,Greenschist facies,Null,Null,Greenschist facies
Null,Greenschist facies,Null,Null,Greenschist facies
Null,Subgreenschist facies,Null,Null,Greenschist facies
Eugowra Granite,Subgreenschist facies,Null,Null,Greenschist facies
Lords Granite,Subgreenschist facies,Null,Null,Greenschist facies
Null,Subgreenschist facies,Null,Null,Greenschist facies
Null,Greenschist facies,Null,Null,Greenschist facies
Null,Greenschist facies,Null,Null,Greenschist facies
Null,Greenschist facies,Null,Null,Greenschist facies
Null,Greenschist facies,Null,Null,Greenschist facies
Null,Greenschist facies,Null,Null,Greenschist facies
Null,Greenschist facies,Null,Null,Greenschist facies
Null,Greenschist facies,Null,Null,Upper Greenschist
Null,Subgreenschist facies,Null,Null,Upper Greenschist
Null,Subgreenschist facies,Null,Null,Upper Greenschist
Null,Subgreenschist facies,Null,Null,Greenschist facies
Null,Subgreenschist facies,Null,Null,Greenschist facies
Null,Subgreenschist facies,Null,Null,Greenschist facies
Null,Subgreenschist facies,Null,Null,Greenschist facies
Null,Greenschist facies,Null,Null,Greenschist facies
Null,Greenschist facies,Null,Null,Greenschist facies
Null,Subgreenschist facies,Null,Null,Greenschist facies
Null,Subgreenschist facies,Null,Null,Greenschist facies
Null,Greenschist facies,Null,Null,Greenschist facies
Null,Subgreenschist facies,Null,Null,Greenschist facies
Null,Subgreenschist facies,Null,Null,Greenschist facies
Null,Subgreenschist facies,Null,Null,Greenschist facies
Byong Volcanics,Greenschist facies,Null,Null,Greenschist facies
Null,Greenschist facies,Null,Null,Greenschist facies
Null,Greenschist facies,Null,Null,Greenschist facies
Null,Greenschist facies,Null,Null,Greenschist facies
Null,Greenschist facies,Null,Null,Greenschist facies
Null,Subgreenschist facies,Null,Null,Greenschist facies
Null,Subgreenschist facies,Null,Null,Greenschist facies
Null,Subgreenschist facies,Null,Null,Greenschist facies
Gumble Granite - porphyry,Greenschist facies,Null,Null,Greenschist facies
Null,Greenschist facies,Null,Null,Greenschist facies
Null,Greenschist facies,Null,Null,Greenschist facies
Null,Greenschist facies,Null,Null,Greenschist facies
Null,Greenschist facies,Null,Null,Greenschist facies
Null,Greenschist facies,Null,Null,Greenschist facies
Null,Subgreenschist facies,Null,Null,Greenschist facies
Null,Subgreenschist facies,Null,Null,Upper Greenschist
Null,Subgreenschist facies,Null,Null,Upper Greenschist
Null,Subgreenschist facies,Null,Null,Greenschist facies
Null,Subgreenschist facies,Null,Null,Greenschist facies
Null,Subgreenschist facies,Null,Null,Greenschist facies
Null,Subgreenschist facies,Null,Null,Greenschist facies
Null,Greenschist facies,Null,Null,Greenschist facies
Null,Greenschist facies,Null,Null,Greenschist facies
Null,Subgreenschist facies,Null,Null,Greenschist facies
Null,Subgreenschist facies,Null,Null,Greenschist facies
Derriwong Group,Greenschist facies,Null,Null,Greenschist facies
Null,Subgreenschist facies,Null,Null,Greenschist facies
Null,Subgreenschist facies,Null,Null,Greenschist facies
Null,Subgreenschist facies,Null,Null,Greenschist facies
Null,Greenschist facies,Null,Null,Greenschist facies
Null,Greenschist facies,Null,Null,Greenschist facies
Null,Greenschist facies,Null,Null,Greenschist facies
Null,Greenschist facies,Null,Null,Greenschist facies
Null,Subgreenschist facies,Null,Null,Greenschist facies
Null,Subgreenschist facies,Null,Null,Greenschist facies
Null,Subgreenschist facies,Null,Null,Greenschist facies
Null,Subgreenschist facies,Null,Null,Greenschist facies
Gumble Granite,Greenschist facies,Null,Null,Greenschist facies
Null,Greenschist facies,Null,Null,Greenschist facies
Null,Greenschist facies,Null,Null,Greenschist facies
Null,Greenschist facies,Null,Null,Greenschist facies
Null,Greenschist facies,Null,Null,Greenschist facies
Null,Subgreenschist facies,Null,Null,Greenschist facies
Null,Subgreenschist facies,Null,Null,Greenschist facies
Null,Subgreenschist facies,Null,Null,Upper Greenschist
Null,Subgreenschist facies,Null,Null,Upper Greenschist
Null,Subgreenschist facies,Null,Null,Upper Greenschist
Null,Subgreenschist facies,Null,Null,Greenschist facies
Null,Subgreenschist facies,Null,Null,Greenschist facies
Null,Subgreenschist facies,Null,Null,Greenschist facies
Null,Greenschist facies,Null,Null,Subgreenschist facies
Null,Greenschist facies,Null,Null,Subgreenschist facies
Null,Greenschist facies,Null,Null,Greenschist facies
Null,Greenschist facies,Null,Null,Greenschist facies
Null,Greenschist facies,Null,Null,Greenschist facies
Derriwong Group,Greenschist facies,Null,Null,Greenschist facies
Null,Subgreenschist facies,Null,Null,Greenschist facies
Null,Subgreenschist facies,Null,Null,Greenschist facies
Null,Greenschist facies,Null,Null,Greenschist facies
Null,Greenschist facies,Null,Null,Greenschist facies
Null,Greenschist facies,Null,Null,Greenschist facies
Null,Greenschist facies,Null,Null,Greenschist facies
Null,Greenschist facies,Null,Null,Greenschist facies
Null,Subgreenschist facies,Null,Null,Greenschist facies
Null,Subgreenschist facies,Null,Null,Greenschist facies
Null,Subgreenschist facies,Null,Null,Greenschist facies
Null,Subgreenschist facies,Null,Null,Greenschist facies
Null,Greenschist facies,Null,Null,Greenschist facies
Null,Greenschist facies,Null,Null,Greenschist facies
Null,Greenschist facies,Null,Null,Greenschist facies
Null,Subgreenschist facies,Null,Null,Greenschist facies
Null,Subgreenschist facies,Null,Null,Greenschist facies
Null,Subgreenschist facies,Null,Null,Upper Greenschist
Null,Subgreenschist facies,Null,Null,Upper Greenschist
Null,Subgreenschist facies,Null,Null,Upper Greenschist
Null,Subgreenschist facies,Null,Null,Greenschist facies
Null,Subgreenschist facies,Null,Null,Greenschist facies
Null,Subgreenschist facies,Null,Null,Greenschist facies
Null,Subgreenschist facies,Null,Null,Greenschist facies
Null,Greenschist facies,Null,Null,Subgreenschist facies
Null,Greenschist facies,Null,Null,Greenschist facies
Null,Greenschist facies,Null,Null,Greenschist facies
Null,Greenschist facies,Null,Null,Greenschist facies
Null,Greenschist facies,Null,Null,Greenschist facies
Null,Subgreenschist facies,Null,Null,Greenschist facies
Null,Subgreenschist facies,Null,Null,Greenschist facies
Null,Subgreenschist facies,Null,Null,Greenschist facies
Null,Greenschist facies,Null,Null,Greenschist facies
Null,Greenschist facies,Null,Null,Greenschist facies
Null,Greenschist facies,Null,Null,Greenschist facies
Null,Greenschist facies,Null,Null,Greenschist facies
Null,Greenschist facies,Null,Null,Greenschist facies
Null,Subgreenschist facies,Null,Null,Greenschist facies
Cuga Burga Volcanics,Subgreenschist facies,Null,Null,Greenschist facies
Sorronto Granite,Subgreenschist facies,Null,Null,Greenschist facies
Null,Subgreenschist facies,Null,Null,Greenschist facies
Null,Greenschist facies,Null,Null,Greenschist facies
Null,Greenschist facies,Null,Null,Greenschist facies
Null,Greenschist facies,Null,Null,Greenschist facies
Null,Subgreenschist facies,Null,Null,Greenschist facies
Null,Subgreenschist facies,Null,Null,Greenschist facies
Null,Subgreenschist facies,Null,Null,Upper Greenschist
Null,Subgreenschist facies,Null,Null,Upper Greenschist
Null,Subgreenschist facies,Null,Null,Upper Greenschist
Null,Subgreenschist facies,Null,Null,Greenschist facies
Null,Subgreenschist facies,Null,Null,Greenschist facies
Null,Subgreenschist facies,Null,Null,Greenschist facies
Null,Subgreenschist facies,Null,Null,Greenschist facies
Null,Greenschist facies,Null,Null,Greenschist facies
Null,Greenschist facies,Null,Null,Subgreenschist facies
Null,Greenschist facies,Null,Null,Greenschist facies
Null,Greenschist facies,Null,Null,Greenschist facies
Null,Greenschist facies,Null,Null,Greenschist facies
Null,Subgreenschist facies,Null,Null,Greenschist facies
Null,Subgreenschist facies,Null,Null,Greenschist facies
Null,Subgreenschist facies,Null,Null,Greenschist facies
Null,Greenschist facies,Null,Null,Greenschist facies
Null,Greenschist facies,Null,Null,Greenschist facies
Null,Greenschist facies,Null,Null,Greenschist facies
Null,Greenschist facies,Null,Null,Greenschist facies
Null,Greenschist facies,Null,Null,Greenschist facies
Null,Subgreenschist facies,Null,Null,Greenschist facies
Yennora Granite,Subgreenschist facies,Null,Null,Greenschist facies
Naringla Granodiorite,Subgreenschist facies,Null,Null,Greenschist facies
Null,Subgreenschist facies,Null,Null,Greenschist facies
Null,Greenschist facies,Null,Null,Greenschist facies
Null,Greenschist facies,Null,Null,Greenschist facies
Null,Greenschist facies,Null,Null,Greenschist facies
Null,Subgreenschist facies,Null,Null,Greenschist facies
Null,Subgreenschist facies,Null,Null,Upper Greenschist
Null,Subgreenschist facies,Null,Null,Upper Greenschist
Null,Subgreenschist facies,Null,Null,Upper Greenschist
Null,Subgreenschist facies,Null,Null,Greenschist facies
Null,Subgreenschist facies,Null,Null,Greenschist facies
Null,Subgreenschist facies,Null,Null,Greenschist facies
Null,Subgreenschist facies,Null,Null,Greenschist facies
Null,Subgreenschist facies,Null,Null,Greenschist facies
Null,Greenschist facies,Null,Null,Greenschist facies
Null,Greenschist facies,Null,Null,Subgreenschist facies
Null,Greenschist facies,Null,Null,Greenschist facies
Null,Greenschist facies,Null,Null,Greenschist facies
Null,Greenschist facies,Null,Null,Greenschist facies
Gobondery Granite,Subgreenschist facies,Null,Null,Greenschist facies
Null,Subgreenschist facies,Null,Null,Greenschist facies
Null,Subgreenschist facies,Null,Null,Greenschist facies
Null,Greenschist facies,Null,Null,Greenschist facies
Null,Greenschist facies,Null,Null,Greenschist facies
Null,Greenschist facies,Null,Null,Greenschist facies
Null,Greenschist facies,Null,Null,Greenschist facies
Null,Greenschist facies,Null,Null,Greenschist facies
Null,Subgreenschist facies,Null,Null,Greenschist facies
Cuga Burga Volcanics,Subgreenschist facies,Null,Null,Greenschist facies
Yeoval Suite - microgranite,Subgreenschist facies,Null,Null,Greenschist facies
Cuga Burga Volcanics,Subgreenschist facies,Null,Null,Greenschist facies
Null,Greenschist facies,Null,Null,Greenschist facies
Null,Greenschist facies,Null,Null,Greenschist facies
Null,Greenschist facies,Null,Null,Greenschist facies
Null,Subgreenschist facies,Null,Null,Greenschist facies
Null,Subgreenschist facies,Null,Null,Upper Greenschist
Null,Subgreenschist facies,Null,Null,Upper Greenschist
Null,Subgreenschist facies,Null,Null,Upper Greenschist
Null,Subgreenschist facies,Null,Null,Greenschist facies
Null,Subgreenschist facies,Null,Null,Greenschist facies
Null,Subgreenschist facies,Null,Null,Greenschist facies
Null,Subgreenschist facies,Null,Null,Greenschist facies
Null,Subgreenschist facies,Null,Null,Greenschist facies
Null,Greenschist facies,Null,Null,Greenschist facies
Null,Greenschist facies,Null,Null,Subgreenschist facies
Null,Greenschist facies,Null,Null,Greenschist facies
Null,Greenschist facies,Null,Null,Greenschist facies
Null,Greenschist facies,Null,Null,Greenschist facies
Null,Greenschist facies,Null,Null,Greenschist facies
Null,Subgreenschist facies,Null,Null,Greenschist facies
Null,Subgreenschist facies,Null,Null,Greenschist facies
Null,Greenschist facies,Null,Null,Greenschist facies
Null,Greenschist facies,Null,Null,Greenschist facies
Null,Greenschist facies,Null,Null,Greenschist facies
Null,Greenschist facies,Null,Null,Greenschist facies
Null,Subgreenschist facies,Null,Null,Greenschist facies
Obley Granite,Subgreenschist facies,Null,Null,Greenschist facies
Null,Subgreenschist facies,Null,Null,Greenschist facies
Yeoval Suite - microgranite,Subgreenschist facies,Null,Null,Greenschist facies
Yeoval Suite - microgranite,Subgreenschist facies,Null,Null,Greenschist facies
Null,Greenschist facies,Null,Null,Greenschist facies
Null,Greenschist facies,Null,Null,Greenschist facies
Null,Greenschist facies,Null,Null,Greenschist facies
Null,Subgreenschist facies,Null,Null,Greenschist facies
Null,Subgreenschist facies,Null,Null,Upper Greenschist
Null,Subgreenschist facies,Null,Null,Upper Greenschist
Null,Subgreenschist facies,Null,Null,Greenschist facies
Null,Subgreenschist facies,Null,Null,Greenschist facies
Null,Subgreenschist facies,Null,Null,Greenschist facies
Null,Subgreenschist facies,Null,Null,Greenschist facies
Null,Subgreenschist facies,Null,Null,Subgreenschist facies
Null,Subgreenschist facies,Null,Null,Subgreenschist facies
Null,Greenschist facies,Null,Null,Greenschist facies
Null,Greenschist facies,Null,Null,Subgreenschist facies
Null,Greenschist facies,Null,Null,Subgreenschist facies
Null,Greenschist facies,Null,Null,Greenschist facies
Null,Greenschist facies,Null,Null,Greenschist facies
Null,Greenschist facies,Null,Null,Greenschist facies
Null,Subgreenschist facies,Null,Null,Greenschist facies
Null,Subgreenschist facies,Null,Null,Greenschist facies
Derriwong Group - volcanics,Greenschist facies,Null,Null,Greenschist facies
Null,Greenschist facies,Null,Null,Greenschist facies
Null,Greenschist facies,Null,Null,Greenschist facies
Null,Subgreenschist facies,Null,Null,Greenschist facies
Obley Granite,Subgreenschist facies,Null,Null,Greenschist facies
Obley Granite,Subgreenschist facies,Null,Null,Greenschist facies
Null,Subgreenschist facies,Null,Null,Greenschist facies
Null,Subgreenschist facies,Null,Null,Greenschist facies
Cuga Burga Volcanics,Subgreenschist facies,Null,Null,Greenschist facies
Null,Greenschist facies,Null,Null,Greenschist facies
Null,Greenschist facies,Null,Null,Greenschist facies
Null,Greenschist facies,Null,Null,Greenschist facies
Null,Subgreenschist facies,Null,Null,Greenschist facies
Null,Subgreenschist facies,Null,Null,Upper Greenschist
Null,Subgreenschist facies,Null,Null,Upper Greenschist
Null,Subgreenschist facies,Null,Null,Greenschist facies
Null,Subgreenschist facies,Null,Null,Greenschist facies
Null,Subgreenschist facies,Null,Null,Greenschist facies
Null,Subgreenschist facies,Null,Null,Greenschist facies
Null,Subgreenschist facies,Null,Null,Subgreenschist facies
Null,Subgreenschist facies,Null,Null,Subgreenschist facies
Null,Greenschist facies,Null,Null,Greenschist facies
Null,Greenschist facies,Null,Null,Greenschist facies
Null,Greenschist facies,Null,Null,Greenschist facies
Null,Greenschist facies,Null,Null,Greenschist facies
Null,Greenschist facies,Null,Null,Greenschist facies
Null,Greenschist facies,Null,Null,Greenschist facies
Null,Subgreenschist facies,Null,Null,Greenschist facies
Null,Subgreenschist facies,Null,Null,Greenschist facies
Null,Greenschist facies,Null,Null,Greenschist facies
Null,Greenschist facies,Null,Null,Greenschist facies
Null,Greenschist facies,Null,Null,Greenschist facies
Null,Subgreenschist facies,Null,Null,Greenschist facies
Null,Subgreenschist facies,Null,Null,Greenschist facies
Obley Granite,Subgreenschist facies,Null,Null,Greenschist facies
Mudgingar Granite,Subgreenschist facies,Null,Null,Greenschist facies
Null,Subgreenschist facies,Null,Null,Greenschist facies
Cuga Burga Volcanics,Subgreenschist facies,Null,Null,Greenschist facies
Null,Greenschist facies,Null,Null,Greenschist facies
Null,Greenschist facies,Null,Null,Greenschist facies
Null,Greenschist facies,Null,Null,Greenschist facies
Null,Subgreenschist facies,Null,Null,Greenschist facies
Null,Subgreenschist facies,Null,Null,Upper Greenschist
Null,Subgreenschist facies,Null,Null,Upper Greenschist
Null,Subgreenschist facies,Null,Null,Greenschist facies
Null,Subgreenschist facies,Null,Null,Greenschist facies
Null,Subgreenschist facies,Null,Null,Greenschist facies
Null,Subgreenschist facies,Null,Null,Greenschist facies
Null,Subgreenschist facies,Null,Null,Greenschist facies
Null,Subgreenschist facies,Null,Subgreenschist facies,Greenschist facies
Null,Greenschist facies,Null,Null,Greenschist facies
Null,Greenschist facies,Null,Null,Greenschist facies
Null,Greenschist facies,Null,Null,Greenschist facies
Null,Greenschist facies,Null,Null,Greenschist facies
Null,Greenschist facies,Null,Null,Greenschist facies
Null,Subgreenschist facies,Null,Null,Greenschist facies
Null,Subgreenschist facies,Null,Null,Greenschist facies
Null,Subgreenschist facies,Null,Null,Greenschist facies
Null,Greenschist facies,Null,Null,Greenschist facies
Null,Greenschist facies,Null,Null,Greenschist facies
Null,Subgreenschist facies,Null,Null,Greenschist facies
Null,Subgreenschist facies,Null,Null,Greenschist facies
Null,Subgreenschist facies,Null,Null,Greenschist facies
Obley Granite,Subgreenschist facies,Null,Null,Greenschist facies
Null,Subgreenschist facies,Null,Null,Greenschist facies
Null,Subgreenschist facies,Null,Null,Greenschist facies
Null,Subgreenschist facies,Null,Null,Greenschist facies
Null,Greenschist facies,Null,Null,Greenschist facies
Null,Greenschist facies,Null,Null,Greenschist facies
Null,Greenschist facies,Null,Null,Greenschist facies
Null,Subgreenschist facies,Null,Null,Greenschist facies
Null,Subgreenschist facies,Null,Null,Upper Greenschist
Null,Subgreenschist facies,Null,Null,Upper Greenschist
Null,Subgreenschist facies,Null,Null,Greenschist facies
Null,Subgreenschist facies,Null,Null,Greenschist facies
Null,Subgreenschist facies,Null,Null,Greenschist facies
Null,Subgreenschist facies,Null,Null,Greenschist facies
Null,Subgreenschist facies,Null,Null,Subgreenschist facies
Null,Subgreenschist facies,Null,Subgreenschist facies,Subgreenschist facies
Null,Greenschist facies,Null,Null,Greenschist facies
Null,Greenschist facies,Null,Null,Greenschist facies
Null,Greenschist facies,Null,Null,Greenschist facies
Null,Greenschist facies,Null,Null,Greenschist facies
Null,Greenschist facies,Null,Null,Greenschist facies
Null,Subgreenschist facies,Null,Null,Greenschist facies
Null,Subgreenschist facies,Null,Null,Greenschist facies
Null,Subgreenschist facies,Null,Null,Greenschist facies
Derriwong Group - volcanics,Subgreenschist facies,Null,Null,Greenschist facies
Null,Greenschist facies,Null,Null,Greenschist facies
Canonbar Igneous Complex,Subgreenschist facies,Null,Null,Greenschist facies
Timbrebongie Granite,Subgreenschist facies,Null,Null,Greenschist facies
Timbrebongie Granite,Subgreenschist facies,Null,Null,Greenschist facies
Obley Granite,Subgreenschist facies,Null,Null,Greenschist facies
Null,Subgreenschist facies,Null,Null,Greenschist facies
Hyandra Creek Group - volcanics,Subgreenschist facies,Null,Null,Greenschist facies
Null,Subgreenschist facies,Null,Null,Greenschist facies
Null,Greenschist facies,Null,Null,Greenschist facies
Null,Greenschist facies,Null,Null,Greenschist facies
Null,Greenschist facies,Null,Null,Greenschist facies
Null,Subgreenschist facies,Null,Null,Greenschist facies
Null,Subgreenschist facies,Null,Null,Greenschist facies
Null,Subgreenschist facies,Null,Null,Upper Greenschist
Null,Subgreenschist facies,Null,Null,Greenschist facies
Null,Subgreenschist facies,Null,Null,Greenschist facies
Null,Subgreenschist facies,Null,Null,Greenschist facies
Null,Subgreenschist facies,Null,Null,Greenschist facies
Null,Subgreenschist facies,Null,Subgreenschist facies,Subgreenschist facies
Null,Subgreenschist facies,Null,Subgreenschist facies,Subgreenschist facies
Null,Greenschist facies,Null,Null,Greenschist facies
Null,Greenschist facies,Null,Null,Greenschist facies
Null,Greenschist facies,Null,Null,Greenschist facies
Null,Greenschist facies,Null,Null,Greenschist facies
Null,Subgreenschist facies,Null,Null,Greenschist facies
Null,Subgreenschist facies,Null,Null,Greenschist facies
Null,Subgreenschist facies,Null,Null,Greenschist facies
Null,Subgreenschist facies,Null,Null,Greenschist facies
Null,Subgreenschist facies,Null,Null,Greenschist facies
Null,Subgreenschist facies,Null,Null,Greenschist facies
Canonbar Igneous Complex,Subgreenschist facies,Null,Null,Greenschist facies
Timbrebongie Granite,Subgreenschist facies,Null,Null,Greenschist facies
Timbrebongie Granite,Subgreenschist facies,Null,Null,Greenschist facies
Obley Granite,Subgreenschist facies,Null,Null,Greenschist facies
Null,Subgreenschist facies,Null,Null,Greenschist facies
Hyandra Creek Group - volcanics,Subgreenschist facies,Null,Null,Greenschist facies
Hyandra Creek Group - volcanics,Subgreenschist facies,Null,Null,Greenschist facies
Null,Subgreenschist facies,Null,Null,Greenschist facies
Null,Greenschist facies,Null,Null,Greenschist facies
Null,Greenschist facies,Null,Null,Greenschist facies
Null,Greenschist facies,Null,Null,Greenschist facies
Null,Subgreenschist facies,Null,Null,Greenschist facies
Null,Subgreenschist facies,Null,Null,Upper Greenschist
Null,Subgreenschist facies,Null,Null,Greenschist facies
Null,Subgreenschist facies,Null,Null,Greenschist facies
Null,Subgreenschist facies,Null,Null,Greenschist facies
Null,Subgreenschist facies,Null,Null,Subgreenschist facies
Null,Subgreenschist facies,Null,Subgreenschist facies,Subgreenschist facies
Null,Subgreenschist facies,Null,Subgreenschist facies,Subgreenschist facies
